usuario,tweet
['lopezdoriga'],"Joaqu√≠n L√≥pez-D√≥riga
@lopezdoriga
¬∑
10 jun.
El que no se iba a meter en el proceso interno de Morena dijo que cualquiera de las 'corcholatas' es garant√≠a de continuidad de la 4T.

https://bit.ly/43s8bJY
149
83
300
36,4 mil"
['Pajaropolitico'],"Animal Pol√≠tico
@Pajaropolitico
¬∑
10 jun.
#OJO | P√°ginas en Facebook que promocionan a las ‚Äòcorcholatas‚Äô de Morena de cara a las elecciones de 2024 acumulan desde 2022 un gasto de al menos 5 millones de pesos en anuncios para amplificar su contenido.
animalpolitico.com
Elecci√≥n 2024: Gastan 5 mdp en promoci√≥n de 'corcholatas'
P√°ginas en Facebook promocionan a las ‚Äòcorcholatas‚Äô de Morena de cara a las elecciones de 2024. Acumulan un gasto de 5 millones de pesos.
7
186
266
19,7 mil"
['beltrandelrio'],"Pascal
@beltrandelrio
¬∑
42min
Est√° previsto que entre las reglas que al rato ‚Äúdefinir√°‚Äù el Consejo Nacional de Morena (entrecomillo el verbo porque la definici√≥n ya la hizo YSQ), estar√° que el 2o y 3er lugar de la encuesta entre corcholatas ser√°n los coordinadores de la bancada de senadores y diputados (1/3)
16
106
342
25,7 mil
Mostrar este hilo"
"['Pajaropolitico', 'ElSabuesoAP']","Animal Pol√≠tico
@Pajaropolitico
¬∑
9 jun.
#HoyEnAnimal | ¬°Grr! La naricita de 
@ElSabuesoAP
 descubri√≥ que p√°ginas en Facebook que promocionan a las ‚Äòcorcholatas‚Äô de Morena acumulan desde 2022 un gasto de al menos 5 millones de pesos en anuncios para amplificar su contenido.
animalpolitico.com
Elecci√≥n 2024: Gastan 5 mdp en promoci√≥n de 'corcholatas'
P√°ginas en Facebook promocionan a las ‚Äòcorcholatas‚Äô de Morena de cara a las elecciones de 2024. Acumulan un gasto de 5 millones de pesos.
5
104
179
13,3 mil"
['StepLavalle'],"Stephany Lavalle
@StepLavalle
¬∑
6 jun.
AMLO CEN√ì HOY CON LAS CORCHOLATAS DE MORENA
#amlo #AMLOElMejorPresidenteDelMundo #AMLOvers #obrador #Claudia #MarceloEbrard #adanaugusto #noro√±a  #Noro√±aEsPueblo #ricardomonreal
21
67
325
8.648"
"['catrina_nortena', 'm_ebrard', 'Claudiashein']","La Catrina Norte√±a
@catrina_nortena
¬∑
5 jun.
#LaMalOlienteEresT√∫Dresser 
 ULTIM√ÅTUM para 
@m_ebrard
AMLO se re√∫ne para cenar con gobernadores de Morena y las Corcholatas. Esto debido a que Ebrard No quiere respetar las reglas ya establecidas para elegir a la candidata/o Presidencial de la 4T.

Est√° 
@Claudiashein
, Marcelo,‚Ä¶ Mostrar m√°s
247
881
2.461
210,5 mil"
['Vianeicita'],"Vianey
@Vianeicita
¬∑
35min
No entiendo como el gobernador de un estado como Durazo tambi√©n sea el pdte del consejo de Morena. Digo, en las √∫ltimas semanas ha estado m√°s ocupado por la grilla de las corcholatas q por su estado, para mi los gobernantes deber√≠an dedicarse exclusivamente al pueblo q los eligi√≥
6
10
22
444"
['DDConfianza'],"DDC+
@DDConfianza
¬∑
9 jun.
 #ULTIMAHORA  Se filtra video de Mayito Delgado revelando el m√©todo de selecci√≥n de candidat@ presidencial en #Morena ¬°Y las corcholatas NO LO SOPORTAN! Bueno, una s√≠‚Ä¶

M√≠ralo y comp√°rtelo .
8
12
796"
['bereaguilarv'],"Bere Aguilar
@bereaguilarv
¬∑
2h
Lleg√≥ el d√≠a de las definiciones para las cuatro corcholatas presidenciales en el Consejo Nacional de Morena y, si bien se abordar√°n varios temas relevantes como las renuncias a sus actuales cargos, falta ver si hoy mismo se resolver√° un asunto crucial: c√≥mo ser√° la encuesta para‚Ä¶ Mostrar m√°s
6
16
69
2.031"
['LauraBruges'],"Laura Brug√©s
@LauraBruges
¬∑
7 jun.
 El movimiento de las 4 corcholatas de #Morena y anexos va a generar una cascada de movimientos y enroques importantes, tanto en el gabinete de #AMLO como en las gubernaturas y en el Poder Legislativo  

  Vamo a ve‚Ä¶
12
75
297
25,9 mil
Mostrar este hilo"
['JJDiazMachuca'],"Jos√© D√≠az
@JJDiazMachuca
¬∑
10 jun.
Lanzan cargada los gobernadores de Morena que tienen ensangrentado a M√©xico 
L√≥pez Obrador cambi√≥ el sistema del tapado directo. 
Destap√≥ cuatro corcholatas para simular el dedazo.
6
14
28
1.595"
['LuisAvi47104906'],"Luis Avila
@LuisAvi47104906
¬∑
2min
AHORA MORENA ES EL GRAN PARTIDO DEL PUEBLO DE M√âXICO.

POR FAVOR CORCHOLATAS HAGAN POL√çTICA DE ALTURA, DE UNIDAD, DE VERDADERO TRABAJO, CUIDEN EL PROYECTO DE NACI√ìN. 

QUE NO GANE LA AMBICION DE PODER PERSONAL, HAY QUE RESPETAR LO GANADO.

SEAN LEALES CON LOS IDEALES.
1"
"['alfredolez', 'heraldodemexico']","Alfredo Gonz√°lez
@alfredolez
¬∑
1h
#FelizDomingo‚Ä¶ El 
@heraldodemexico
 :

 Inicia pasarela de corcholatas en Morena
 Reporta el INEGI: la mitad de los j√≥venes en la CDMX tiene trabajo
 M√°s que el salario, recomiendan a j√≥venes reci√©n egresados garantizar su integridad

 http://bit.ly/34ubeFD
1
1
5
251"
"['Radio_Formula', 'AngelAvilaPRD']","Grupo F√≥rmula
@Radio_Formula
¬∑
2 jun.
√Ångel √Åvila (
@AngelAvilaPRD
), representante del PRD ante el Consejo General de INE, explica que las ‚Äòcorcholatas‚Äô de Morena deben de dejar de violar la ley al realizar campa√±as anticipadas: El INE est√° poniendo l√≠mites a estas actividades ilegales. #PorLaMa√±ana
16
102
336
35,1 mil"
['won2skel'],"‚´∑ ùòöùòíùòåùòì ‚´∏
@won2skel
¬∑
5 jun.
Pues a pesar de su gran derrota EL PRI-PAN-PRD seguir√°n juntos porque est√°n SEGUROS que ganaran la presidencia en el 2024  seg√∫n alito Alejandro Moreno y Marko Cortes ni se acerquen las corcholatas de morena pues no son dignos de su mov.  #VotoMasivoMorena2023Y2024
24
187
264
11,9 mil"
['DDConfianza'],"DDC+
@DDConfianza
¬∑
26min
¬°No esperes hasta el Consejo Nacional Morena para conocer los requisitos para el destape de corcholatas! 

Aqu√≠ Mayito te dice qu√© necesitan Marcelo, Ad√°n, Ricardo y hasta Noro√±a si contra Claudia quieren participar.   

#ComoAnilloAlDedo
De 
DDC+
2
119"
['latinus_us'],"Latinus
@latinus_us
¬∑
2h
El Consejo Nacional de Morena determinar√° el destino de las ‚Äúcorcholatas‚Äù de AMLO rumbo a 2024.
#Latinus #Informaci√≥nParaTi
latinus.us
El Consejo Nacional de Morena determinar√° el destino de las ""corcholatas"" de AMLO rumbo a 2024
El dirigente de Morena, Mario Delgado, acudir√° a la sesi√≥n, sin embargo, lo har√° en calidad de invitado junto con militantes distinguidos
15
6
56
13,4 mil"
['RedAMLOmx'],"Coordinaci√≥n Nacional (#RedAMLO)
@RedAMLOmx
¬∑
11h
Las corcholatas de morena

#ClaudiaPresidenta   https://twitter.com/SheffieldGto/status/1667737678752763904‚Ä¶
Este Tweet no est√° disponible.
3
12
21
823"
['Oti_Carvajal'],"Otilia Carvajal
@Oti_Carvajal
¬∑
17h
 Entrevista con la consejera Claudia Zavala, presidenta de la Comisi√≥n de Quejas y Denuncias del INE 

Se√±ala que las ""corcholatas"" de Morena pueden seguir siendo investigadas por actos anticipados de precampa√±a y campa√±a.

No importa que se separen del cargo 
1
4
13
561
Mostrar este hilo"
['neoliberalover'],"Neoliberalover
@neoliberalover
¬∑
4 jun.
Hoy puede ser una noche triste para morena, hoy las corcholatas de L√≥pez estar√≠an perdiendo la presidencia anticipadamente.

Parece un d√≠a com√∫n, pero hoy los mexiquenses tienen en sus manos el destino de todo el pa√≠s.

Si con los 12.6 millones de electores ejerciendo su derecho‚Ä¶ Mostrar m√°s
64
487
2.059
77,4 mil"
"['politicomx', 'lopezobrador_']","Pol√≠tico MX
@politicomx
¬∑
9 jun.
Habitantes de San Luis Potos√≠ le pidieron al presidente Andr√©s Manuel 
@lopezobrador_
 que se sume a la lista de ‚Äúcorcholatas‚Äù de Morena.
politico.mx
Le piden a AMLO que se sume a lista de ‚Äòcorcholatas‚Äô y se reelija
Los habitantes de la localidad de El Pujal, le pidieron a AMLO que se sume a la lista de ‚Äúcorcholatas‚Äù
71
69
195
21,8 mil"
['RICARDOJN14'],"RICARDO JN
@RICARDOJN14
¬∑
7 jun.
Noro√±a desconsolado porque el compa√±ero presidente no lo invit√≥ a la cena de corcholatas de Morena y no maneja tanto cash como Marcelo y Claudia
No se aprendi√≥ del sectarismo de Coahuila aunque lo niegue Epigmenio Ibarra
Hasta tuvo pesadillas!
#LibertadDeExpresi√≥n
#FelizMiercoles
11
33
49
4.187"
"['Radio_Formula', 'lopezobrador_']","Grupo F√≥rmula
@Radio_Formula
¬∑
5 jun.
 Gobernadores de Morena, 'corcholatas' y la dirigencia del partido se tomaron la foto luego de la reuni√≥n con el presidente  
@lopezobrador_
: asistieron Claudia Sheinbaum, Delfina G√≥mez, Layda Sansores, Ricardo Monreal, Mario Delgado... 

 : Enrique Hern√°ndez
16
25
48
15,5 mil"
['mario_dico50'],"Mario Di Costanzo
@mario_dico50
¬∑
7 jun.
Lo primero que habr√≠a que preguntarnos es ; de que van a vivir un a√±o las corcholatas de Morena que renuncien ? Porque ya vimos que vivir ‚Äúcon 200 pesos‚Äù en la bolsa, no es necesariamente sin√≥nimo de honestidad .
184
191
466
13 mil"
['Jana_Rey'],"Alejandra Rey
@Jana_Rey
¬∑
5 jun.
Ya casi inicia la 4Temporada ¬øQui√©n creen que quede? 
#Succession #4T #carrerapresidencial #corcholatas #morena #Mexico
4
27
65
5.660"
"['JJDiazMachuca', 'lopezobrador_']","Jos√© D√≠az
@JJDiazMachuca
¬∑
5 jun.
¬∑
L√ìPEZ OBRADOR VA A IMPONER EL DEDAZO DEL PRESIDENCIALISMO
Dec√≠a que las cosas ya no eran igual 
El Presidente 
@lopezobrador_
 se re√∫ne esta noche con sus corcholatas y sus  dirigentes de Morena en un restaurante del Centro Hist√≥rico de CDMX.
47
145
181
11,2 mil"
"['lajornadaonline', 'PartidoMorenaMx', 'adan_augusto']","La Jornada
@lajornadaonline
¬∑
16h
Hay 22 gobernadores de 
@PartidoMorenaMx
 y solo se pronunciaron 7, no es mayor√≠a, dijo 
@adan_augusto
 , aclar√≥ que esperar√° para definir fecha de su renuncia y las acciones a fin de continuar en la pugna por la presidencia del pa√≠s. #corcholatas
jornada.com.mx
En Morena no hay ‚Äúcargada‚Äù: Ad√°n Augusto L√≥pez
Asegur√≥ que s√≥lo seis gobernadores han expresado p√∫blicamente su simpat√≠a por Sheinbaum, raz√≥n por la que ‚Äúno es la mayor√≠a ni son varios‚Äù.
12
85
209
12,9 mil"
['Melissa_Bely'],"Melissa
@Melissa_Bely
¬∑
3 jun.
Las Corcholatas sabiendo que en el INE ya no les har√°n nada, la veda Electoral se la pasan por el ""arco del triunfo""..



""SE LOS advirti√≥ el INE, se los dijo la dirigencia de Morena y aun as√≠ las corcholatas presidenciales no desaprovechan cualquier oportunidad para‚Ä¶ Mostrar m√°s
5
45
78
4.168"
"['politicomx', 'VelascoM_', 'Claudiashein', 'm_ebrard', 'RicardoMonrealA', 'fernandeznorona']","Pol√≠tico MX
@politicomx
¬∑
7 jun.
#PMX2024 | Se espera que Manuel Velasco (
@VelascoM_
) acuda al Consejo Nacional de Morena en el que participar√°n las ‚Äúcorcholatas‚Äù de Morena (
@Claudiashein
, 
@m_ebrard
, 
@RicardoMonrealA
) as√≠ como el diputado del PT, 
@fernandeznorona
.
politico.mx
Elecciones 2024. Manuel Velasco pide licencia al Senado para buscar candidatura presidencial
Hasta el momento, se conoce que la licencia del senador Velasco ya se encuentra inscrita en Servicios Parlamentarios.
2
6
1.195"
"['politicomx', 'fernandeznorona', 'lopezobrador_']","Pol√≠tico MX
@politicomx
¬∑
7 jun.
Mario Delgado se re√∫ne con Noro√±a

Luego de que 
@fernandeznorona
 reclam√≥ al presidente 
@lopezobrador_
 por no invitarlo a la cena de ‚Äòcorcholatas‚Äô, el l√≠der de Morena lo invit√≥ al Consejo Nacional donde se establecer√° la ruta para el 2024. ‚ÄúNuestro reconocimiento y cari√±o a Noro√±a‚Ä¶ Mostrar m√°s
40
47
254
303,7 mil"
['bereaguilarv'],"Bere Aguilar
@bereaguilarv
¬∑
8 jun.
El carcamal insensato, c√≠nico, incoherente y mit√≥mano pretende reunirse con los consejeros del #INE para pedirles que act√∫en con imparcialidad de cara al 2024. ¬øQui√©n adelant√≥ los tiempos electorales? ¬øQui√©n llama al voto a favor de Morena y deja que sus corcholatas hagan campa√±a‚Ä¶ Mostrar m√°s
80
393
896
23,9 mil"
"['politicomx', 'm_ebrard', 'lopezobrador_']","Pol√≠tico MX
@politicomx
¬∑
5 jun.
.
@m_ebrard
 sale del c√≥nclave de morenistas

El canciller abandono el restaurante donde fueron convocadas las 'corcholatas' y los gobernadores emanados de Morena, minutos despu√©s de que el presidente 
@lopezobrador_
 hizo lo propio, en su camino a su veh√≠culo no quiso dar‚Ä¶ Mostrar m√°s
0:38
13
68
237
144,2 mil"
"['Reporte_Indigo', 'lopezobrador_']","Reporte √çndigo
@Reporte_Indigo
¬∑
5 jun.
 #Ent√©rate | Bajo la lluvia y a pie, 
@lopezobrador_
 camin√≥ de Palacio Nacional a un restaurante del Z√≥calo para reunirse con las corcholatas, dirigentes y gobernadores de #Morena
18
24
70
36,8 mil
Mostrar este hilo"
"['Francis20772291', 'MaximusCentauro', 'MaximusCentauro']","Cartoon Cart√≥n
@Francis20772291
¬∑
2min
As√≠ es 
@MaximusCentauro
, las cuentas que se presumen de oposici√≥n, son las que m√°s promueven a las corcholatas y el proceso de morena, sacan encuestas y hasta las ponen como opci√≥n como candidatos de oposici√≥n.
Centauro...
@MaximusCentauro
¬∑
2h
¬øY si la oposici√≥n ciudadana dejamos de hablar del proceso de las corcholata destapadas?, nos enfocamos en la falta de resultados en cada rubro que no cumpli√≥ o empeor√≥ el presimiente y damos atenci√≥n al proyecto de mejora, con el candidato elegido x ciudadanos en la alianza...
3
17"
"['AngelBoligan', 'El_Universal_Mx', 'Univ_Opinion']","Angel Boligan
@AngelBoligan
¬∑
10 jun.
-LA SOMBRA 
@El_Universal_Mx
 @Univ_Opinion
 #precampa√±as #precandidatos #corcholatas #morena #carrera #sombraimpaciente
17
56
1.103"
['azucenau'],"Azucena Uresti
@azucenau
¬∑
5 jun.
#AzucenaALas10 | Las ‚Äúcorcholatas‚Äù, gobernadores y el dirigente de #MORENA, Mario Delgado, se re√∫nen esta noche con el presidente L√≥pez Obrador en un restaurante  

Sin dar muchos detalles, as√≠ llegaron los asistentes
6
18
82
13,4 mil
Mostrar este hilo"
['El_Universal_Mx'],"El Universal
@El_Universal_Mx
¬∑
6 jun.
""Ning√∫n retazo de Morena tiene cabida en la coalici√≥n Va por M√©xico. No le abre su puerta al oportunismo"", afirm√≥ Marko Cort√©s
eluniversal.com.mx
Va por M√©xico advierte que no aceptar√° ""retazos"" de corcholatas de Morena
Marko Cort√©s, advirti√≥ AMLO que no se le ocurra fingir un pleito con alguna corcholata, para que quieran imponerlo como candidato de oposici√≥n
106
51
219
51,7 mil"
"['Jacovich_GMA', 'PePeSoyYo13']","Jacovich GMA
@Jacovich_GMA
¬∑
7 jun.
La soluci√≥n para salvar a M√©xico: #CacasObrador a su finca ""La Chingada"" en Palenque, Chiapas. Morena se auto-destruir√° cuando empiecen los golpes bajos entre las corcholatas. Una ""manita"" de Joe Biden presionando y exhibiendo a Anlo. Cambio de dirigentes en PAN, PRI y PRD.
PepeSoyYo13 ùîèùî¶ùî§ùîûùîáùî¢ùîäùî≤ùî¢ùîØùîØùî¢ùîØùî¨ùî∞
@PePeSoyYo13
¬∑
7 jun.
Saben para cu√°ndo M√©xico, tendr√° nuevamente el estado de derecho.
Ó®Äùîèùî¶ùî§ùîûùîáùî¢ùîäùî≤ùî¢ùîØùîØùî¢ùîØùî¨ùî∞Ó®Ä
#FiscaliaCorrupta
#ElCartelDeErnestina
#QueRenuncienLosDirigentes
#UnidosLoPodemosLogar
#YoConTaboada
#YoSiLeCreoATaboada
#LigaDeGuerreros
5
10
344"
['ErnestoGuerra_'],"Ernesto Guerra | #√öltimaLegislativa
@ErnestoGuerra_
¬∑
7 jun.
| #√öLTIMOMINUTO 

Si el acuerdo entre AMLO y las ‚Äòcorcholatas‚Äô era renunciar despu√©s de este domingo que hubiese el Consejo de Morena y se fijaran las reglas, fechas y el m√©todo de selecci√≥n, entonces Marcelo Ebrard se adelant√≥ medi√°ticamente con su renuncia.

10 puntos:
#SpaceLegislativo y 3 m√°s
6
53
258
34,1 mil
Mostrar este hilo"
['villarreal56'],"Rogelio Villarreal
@villarreal56
¬∑
7 jun.
¬°Pronto! Luchas en esti√©rcol de las corcholatas presidenciales... En el Gran Chiquero de Morena. ¬°No te lo pierdas!
1
2
20
351"
['RahulkMex'],"RaHulk Ó®Ä
@RahulkMex
¬∑
3 jun.
El 30 de mayo, el INE orden√≥ a Morena a frenar la promoci√≥n anticipada a sus candidatos, incluidas las ""corcholatas"" que buscan relevar a L√≥pez Obrador, a retirar la propaganda y pedir a sus simpatizantes que no realicen actos de promoci√≥n que afecten la equidad electoral.
8
80
95
3.280"
"['Radio_Formula', 'mario_delgado', 'JoseCardenas1']","Grupo F√≥rmula
@Radio_Formula
¬∑
6 jun.
 El dirigente de Morena 
@mario_delgado
 dice que la renuncia de Marcelo Ebrard llevar√° a que dejen sus cargos las otras 'corcholatas' para garantizar la equidad en la elecci√≥n del candidato o candidata del partido. #Informa con 
@JoseCardenas1
   
#RadioF√≥rmulaMx‚Ä¶ Mostrar m√°s
25
104
207
37,6 mil"
"['Excelsior', 'lopezobrador_']","Exc√©lsior
@Excelsior
¬∑
1h
 Previo al c√≥nclave de la c√∫pula de #Morena de este domingo, el presidente 
@lopezobrador_
 llam√≥ a quienes ha definido como sus corcholatas a cerrar filas y no dividir al movimiento.
excelsior.com.mx
Nada de divisi√≥n, exhorto a corcholatas
Una vez aprobadas las reglas de la contienda, los aspirantes a la candidatura presidencial de Morena recorrer√°n el pa√≠s durante tres meses en busca de apoyos
2
7
3.279"
"['Nerilicon', 'eleconomista']","Nerilic√≥n
@Nerilicon
¬∑
7 jun.
Destap√°ndose. 
@eleconomista
 #MarceloEbrard #SRE #corcholatas #Renuncia #Elecciones2024 #Morena #CuartaTransformaci√≥n
1
52
140
1.470"
"['politicomx', 'lopzobrador_', 'MarkoCortes']","Pol√≠tico MX
@politicomx
¬∑
5 jun.
Va por M√©xico le cierra las puertas a 'corcholatas' de Morena

""Que ni se le vaya a ocurrir al presidente @lopzobrador_ fingir un pleito con alguna de sus 'corcholatas', ninguna ser√° candidata"", 
@MarkoCortes
 advirti√≥ que su alianza no recibir√° a ning√∫n pol√≠tico de la 4T para 2024
48
31
45
12,7 mil"
['antonio09464741'],"antonio Vel√°zquez
@antonio09464741
¬∑
8 jun.
Buenos d√≠as  una pregunta  porque las corcholatas de Morena ninguno quiere renunciar! 
Porque piden licencia!
Tendr√°n miedo a no seguir recibiendo pago sin trabajar! 
O quieren chingar por los dos lados c√≥mo siempre.
#TwisterPolitico 
#MorenaDestruyendoAMexico
8
34
40
619"
['Jannet_LP'],"Jannet L√≥pez Ponce
@Jannet_LP
¬∑
43min
Morena define el rumbo 2024 hoy.

Y como la unidad no est√° garantizada ni el m√©todo consensuado entre las 'corcholatas', se prev√©n:

Candados, condiciones, renuncias, cartas compromiso para aceptar los resultados y hasta prohibir el ingreso de celulares.
milenio.com
Morena va por renuncias inmediatas y carta compromiso para 2024
Analizan prohibir celulares, reuni√≥n ser√° a puerta cerrada y las 'corcholatas' no tendr√°n posicionamientos p√∫blicos junto a l√≠deres del partido.
1
4
297"
"['Enea_Salgado', 'mario_delgado']","Enea Salgado
@Enea_Salgado
¬∑
5 jun.
Qu√© chinga le meti√≥ la Alianza a Morena en Coahuila. 

36 puntos de ventaja

Ricardo Mej√≠a sale victorioso frente a un Guadiana que tuvo el apoyo de corcholatas y del partido oficial que lo sabote√≥ hasta el final.

Gran derrota para AMLO y su achichincle 
@mario_delgado
. Celebro
5
14
83
2.813"
"['CallejeroPue', 'PartidoMorenaMx']","Callejero Noticias
@CallejeroPue
¬∑
1h
#Nacional  Este d√≠a es una fecha importante para  
@PartidoMorenaMx
, su Consejo Nacional establecer√° las reglas para pasar de #Corcholata a #candidata o #candidato rumbo a las presidenciales, m√°s o menos as√≠ est√° el panorama 
callejero.mx
El Consejo Nacional de Morena hoy decide los requisitos para las corcholatas - Callejero
Este domingo, el Consejo Nacional de Morena, conformado por m√°s de 300 miembros, incluyendo gobernadores y gobernadoras, llevar√° a cabo una votaci√≥n para establecer los requisitos que los aspirantes...
1
1
84"
"['AnaJVillagran', 'lasillarota', 'OpinionLSR', 'GobCDMX', 'OpinionLSR', 'AnaJVillagran']","Ana J Villagr√°n
@AnaJVillagran
¬∑
22h
L√©anme en 
@lasillarota
 @OpinionLSR
 
Morena con sus actos anticipados no solo trae de cabeza a sus corcholatas, tambi√©n pondr√° de cabeza al 
@GobCDMX
 Opini√≥n La Silla Rota
@OpinionLSR
¬∑
22h
Te invitamos a leer la columna de Ana Villagr√°n ""De Claudia, su renuncia y el 2024""  @AnaJVillagran #Opini√≥nLSR http://bit.ly/3oTKYBw
1
4
19
1.693"
['Forbes_Mexico'],"Forbes M√©xico
@Forbes_Mexico
¬∑
5 jun.
 #√öltimaHora | Tras ganar el Estado de M√©xico, AMLO tiene encerrona con ‚Äòcorcholatas‚Äô y gobernadores de Morena: http://bit.ly/3CdAEap
GIF
4
8
56
21,8 mil
Mostrar este hilo"
['RicardoAlemanMx'],"Ricardo Alem√°n
@RicardoAlemanMx
¬∑
6 jun.
Monreal afirm√≥ que ninguna de las corcholatas buscar√≠a sumarse a Va por M√©xico tras ser rechazadas en Morena.
laotraopinion.com.mx
‚ÄúNinguna corcholata, en su sano juicio, se sumar√≠a a la oposici√≥n ‚Äù: Monreal - La Otra Opini√≥n
‚ÄúNinguna corcholata, en su sano juicio, se sumar√≠a a la oposici√≥n ‚Äù: As√≠ le contest√≥ el senador de Morena, Ricardo Monreal a ""Alito""
74
16
66
6.695"
"['MarcoA_Olvera', 'adan_augusto', 'lopezobrador_', 'JesusRCuevas']","Marco Antonio Olvera
@MarcoA_Olvera
¬∑
9 jun.
Sostiene Ad√°n Augusto L√≥pez deseo por continuar obra transformadora de #AMLO 
@adan_augusto
 @lopezobrador_
 @JesusRCuevas
 
#Chiapas #Sureste #Corcholatas #Morena 
Nota: 
https://hidalgonews.mx/sostiene-adan-augusto-lopez-deseo-por-continuar-obra-transformadora-de-amlo/‚Ä¶
2
4
3.684"
"['EjeCentral', 'lopezobrador_']","EjeCentral
@EjeCentral
¬∑
17h
#EjeDeportes El Presidente (
@lopezobrador_
) llam√≥ a la unidad al interior de #Morena y record√≥ a las #Corcholatas que no se trata de una lucha para conseguir cargos p√∫blicos http://bitly.ws/HYEt
488"
"['Almomento4T', 'mario_delgado']","Al Momento 4T
@Almomento4T
¬∑
6 jun.
¬∑
 El partido #Morena definir√° requisitos para ‚Äúcorcholatas‚Äù este domingo, inform√≥ el dirigente 
@mario_delgado
.
1
20
33
867"
"['7Adrix', 'CiroGomezL']","Adriana P√©rez
@7Adrix
¬∑
9 jun.
#ImagenNoticias 
@CiroGomezL
 
Parece el noticiero exclusivo de morena y sus corcholatas. Vaya manera de estar promoviendo a la instalaci√≥n de un maximato con personajillos genocidas y corruptos.
1
1
7
48"
"['LaListanews', 'PartidoMorenaMx', 'RicardoMonrealA']","La-Lista
@LaListanews
¬∑
15h
El coordinador de los senadores de 
@PartidoMorenaMx
, 
@RicardoMonrealA
, dio a conocer que si el Consejo Nacional del partido aprueba los lineamientos para la contienda interna, los funcionarios tendr√°n que dejar de apoyar a su ‚Äúcorcholata‚Äù favorita.
la-lista.com
Con lineamientos de Morena, nadie podr√° apoyar a las 'corcholatas': Monreal
Ricardo Monreal dio a conocer que si el Consejo Nacional de Morena aprueba lineamientos, no podr√°n haber expresiones de apoyo.
3
15
37
1.621"
"['Adela_Micha', 'm_ebrard', 'Claudiashein', 'adan_augusto', 'RicardoMonrealA']","Adela Micha
@Adela_Micha
¬∑
7 jun.
Si Morena establece como un requisito para la encuesta renunciar al cargo, el balance de la gesti√≥n de 
@m_ebrard
, 
@Claudiashein
, 
@adan_augusto
 y 
@RicardoMonrealA
 se convertir√° en su mejor carta de presentaci√≥n... o en una condena  
youtube.com
EBRARD METE PRESI√ìN A LAS ""CORCHOLATAS"" | EDITORIAL DE ADELA MICHA
#AdelaMicha #AMLO #Ebrard #corcholatas #sheinbaum Marcelo Ebrard ya tiene fecha de renuncia a la Canciller√≠a y eso pone al resto de las corcholatas en un esc...
10
68
9.834"
"['SinLinea_Mx', 'MalthusGamba']","SinL√≠nea.Mx
@SinLinea_Mx
¬∑
8 jun.
""Desde ayer se ve un movimiento generalizado en redes sociales, donde las posturas pol√≠ticas comienzan a definirse en favor o en contra de las tres ‚Äúcorcholatas‚Äù de Morena que aspiran a la candidatura del partido"".

Por 
@MalthusGamba
sinlineamx.com
¬°SANTA SIMPLICIDAD! -
Comparte este Art√≠culoLa frase de Jan Hus expresada cuando su cuerpo comenzaba a padecer los dolores del martirio en la hoguera, es utilizada para calificar acciones que se realizan de manera...
9
105
312
4.339"
"['FAFierroP', 'LaJornada', 'LaJornada', 'monerohernandez', 'PartidoMorenaMx', 'FAFierroP', 'SRE_mx', 'lopezobrador_']","FELIPE √ÅNGEL FIERRO P.
@FAFierroP
¬∑
8 jun.
FUERA-Hern√°ndez-
@LaJornada
-
@LaJornada
 
@monerohernandez
  
Estampida de Corcholatas 
#Elecciones2024 #corcholatas 
@PartidoMorenaMx
 #Morena #RedAMLO 
https://jornada.com.mx/2023/06/08/cartones/3‚Ä¶
FELIPE √ÅNGEL FIERRO P.
@FAFierroP
¬∑
6 jun.
#ULTIMAHORA 
""He resuelto solicitar y presentar mi renuncia a la @SRE_mx  a partir del lunes 12 de junio, con el prop√≥sito de dedicarme de lleno, con alegr√≠a y resoluci√≥n a defender el proyecto que encabeza el Presidente @lopezobrador_ "". #MarceloEbrard 
Mostrar este hilo
2
13
16
430"
['salarmarquito2'],"Marco Salas 4T
@salarmarquito2
¬∑
8 jun.
El futuro de M√©xico est√° en MorenaLa carrera presidencial ya inici√≥ y con ello, las reglas deben de estar claras. Alfonso Durazo ha dicho que pedir√° que todas las corcholatas renuncien a su cargo y propone una fecha l√≠mite, ¬øQu√© opinan de todo esto?
20
24
269"
"['MarcoA_Olvera', 'Claudiashein', 'mario_delgado', 'PartidoMorenaMx']","Marco Antonio Olvera
@MarcoA_Olvera
¬∑
9 jun.
Sheinbaum: Las obras comprometidas en #CDMX ser√°n terminadas
@Claudiashein
 @mario_delgado
 @PartidoMorenaMx
 
#Corcholatas #Morena 
Nota: 
https://hidalgonews.mx/sheinbaum-las-obras-comprometidas-en-cdmx-seran-terminadas/‚Ä¶
3
2
116"
['NachoRgz'],"Nacho Rodriguez (El Chapucero)
@NachoRgz
¬∑
5 jun.
Bueno ah√≠ les va DE NUEVO el consejo m√°s importante ahorita que ya arranc√≥ la precampa√±a real para la candidatura de MORENA: NO SE PELEEN CON LAS CORCHOLATAS QUE NO LES CAIGAN BIEN. Si no les pagan por ello, NO AGARREN BRONCAS GRATUITAS, porque al final los de arriba pactan y‚Ä¶ Mostrar m√°s
58
134
543
31,4 mil"
['beautyBermudez'],"Cam Bermudez #ProAMLO Ayala
@beautyBermudez
¬∑
8 jun.
Las cosas cada vez est√°n m√°s claras: TODAS las corcholatas tienen que renunciar a su cargo; no se puede servir a dos amos al mismo tiempo y en Morena no puede ser la excepci√≥n.
Estaremos muy atentos a lo que se hable el pr√≥ximo domingo en el partido, ¬øQu√© piensan? 
3
14
15
183"
"['pedrogerardo26', 'adan_augusto', 'SEGOB_mx']","Pedro Gerardo L√≥pez
@pedrogerardo26
¬∑
9 jun.
En una tarde de ‚Äúconfesiones‚Äù, 
@adan_augusto
 secretario de 
@SEGOB_mx
 se despide en #Chiapas, ‚Äúvamos a hacer todo para que se le vuelva a hacer al sureste de M√©xico‚Äù;
La pr√≥xima semana ‚ÄúLas corcholatas‚Äù, dejar√°n sus cargos en busca de la candidatura de #MORENA a presidente.
1:49
5
3
259"
['MascaraMagica_'],"Mascara Magica
@MascaraMagica_
¬∑
8 jun.
AMLO, en su Conferencia de prensa, da los nombres de las corcholatas que estar√°n en la encuesta para ser el candidato de Morena-PT-Verde, para el 2024.
Ebrard, Sheinbaum, Ad√°n Augusto, Monreal, Manuel Velasco y Noro√±a (Loro√±a como le dice AMLO).
Ser√° de pron√≥stico reservado...
1
6
9
1.164"
['rociojimenez15'],"Roc√≠o Jim√©nez Mtz.
@rociojimenez15
¬∑
33min
#Morena va por renuncias inmediatas y carta compromiso para evitar fractura hacia el 2024

Analizan prohibir celulares, reuni√≥n ser√° a puerta cerrada y las corcholatas no tendr√°n posicionamientos p√∫blicos junto a l√≠deres del partido.
amp.milenio.com
Morena va por renuncias inmediatas y carta compromiso para 2024
Analizan prohibir celulares, reuni√≥n ser√° a puerta cerrada y las 'corcholatas' no tendr√°n posicionamientos p√∫blicos junto a l√≠deres del partido.
2
1
68"
['Raulortegamora'],"Troquero Politico
@Raulortegamora
¬∑
6 jun.
El domingo 11 de junio se reunir√° el Consejo de morena y las corcholatas para comenzar a planificar la elecci√≥n del pr√≥ximo candidato a la presidencia 20 24 
2
4
8
245"
['ReporterosMX_'],"Los Reporteros MX
@ReporterosMX_
¬∑
5 jun.
#√öltimaHora| #V√≠deo | AMLO sale de Palacio Nacional para cenar con ""las corcholatas"" en el restaurante Terraza Porrua; trasciende que tambi√©n acudieron gobernadores y gobernadoras de Morena as√≠ como Delfina G√≥mez √Ålvarez.
3
62
149
6.563
Mostrar este hilo"
['porMexico15'],"Anna
@porMexico15
¬∑
8 jun.
¬øAMLO dio espaldarazo a Ebrard? Pide a ‚Äòcorcholatas‚Äô de Morena renunciar a sus cargos

Sabe que ser√≠a la √∫nica persona de su lado, que podr√≠a darle un poco de pelea a otros candidatos. En el fondo reconoce y sabe que Claudia Claudia no tiene personalidad
elfinanciero.com.mx
¬øAMLO dio espaldarazo a Ebrard? Pide a ‚Äòcorcholatas‚Äô de Morena renunciar a sus cargos
La propuesta de renunciar a los cargos p√∫blicos para las elecciones 2024 ha sido planteada por Ebrard.
2
4
7
332"
['emeequis'],"Emeequis
@emeequis
¬∑
7 jun.
Ante la ambig√ºedad de Sheinbaum y Ad√°n Augusto, el presidente L√≥pez Obrador afirma que, si el Consejo de Morena lo aprueba, todas las ""corcholatas"" deben renunciar.
m-x.com.mx
AMLO: Que renuncien todas las ‚Äúcorcholatas‚Äù‚Ä¶ si el Consejo de Morena lo aprueba
Tras el anuncio de Marcelo Ebrard de su renuncia, y la ambig√ºedad de Ad√°n Augusto y Claudia Sheinbaum, AMLO dice, categ√≥rico: ‚ÄúSi en el Consejo de Morena se aprueba el que deben de renunciar, pues...
2
15
23
3.100
Mostrar este hilo"
['DonVocero'],"Vocero
@DonVocero
¬∑
7 jun.
Le han metido lana a espectaculares, bardas y propaganda que ya fue sancionada por el INE
elpais.com
Morena ordena a las ‚Äòcorcholatas‚Äô dejar de promoverse en anuncios y giras a los Estados
El partido en el Gobierno acata la orden del INE de poner freno a la campa√±a anticipada de los aspirantes presidenciales, pero afirma que no est√° de acuerdo con la medida
1
14
159
2.744
Mostrar este hilo"
"['politicomx', 'Mario_Delgado', 'm_ebrard']","Pol√≠tico MX
@politicomx
¬∑
6 jun.
#PMX2024 I ‚ÄúCreo que no hay nada m√°s equitativo‚Äù; 
@Mario_Delgado
 aprob√≥ el anuncio de 
@m_ebrard
 sobre su renuncia para iniciar con el proceso de selecci√≥n de candidatura de Morena en las elecciones del 2024.
politico.mx
Mario Delgado rechaz√≥ que AMLO haya ordenado a 'corcholatas' en reuni√≥n presentar sus renuncias
El dirigente de Morena dijo que la renuncia de los aspirantes har√° que haya equidad de condiciones
2
7
16
1.798"
['soprano_tonny'],"Tonny soprano
@soprano_tonny
¬∑
1h
Las ‚Äòcorcholatas‚Äô afrontan su primera prueba de fuego ante el gran c√≥nclave de Morena que definir√° las reglas de la batalla interna ‚Äì Llegan a la cita decisiva con un Consejo Nacional del partido con los focos de poder muy repartidos
moviendo-ideas.com.mx
Las ‚Äòcorcholatas‚Äô afrontan su primera prueba de fuego ante el gran c√≥nclave de Morena que definir√°...
Los aspirantes presidenciales llegan a la cita decisiva con un Consejo Nacional del partido con los focos de poder muy repartidos y con poco margen para imponer unos requisitos ya marcados por el...
2
519"
['Revolucion3_0'],"Revoluci√≥n 3.0
@Revolucion3_0
¬∑
6 jun.
AMLO se re√∫ne con las corcholatas de Morena, les pide respetar los resultados de la encuesta que decidir√° al candidato o candidata a la presidencia en 2024
revoluciontrespuntocero.news
AMLO anuncia que no inclinar√° la balanza a favor de alguna corcholata de Morena - Revoluci√≥n 3.0
El Presidente Andr√©s Manuel L√≥pez Obrador, revel√≥ que no inclinar√° la balanza en favor de alguna corcholata de Morena. ‚ÄúAl carajo la imposici√≥n y las
1
2
10
567"
"['politicomx', 'RicardoMonrealA', 'm_ebrard']","Pol√≠tico MX
@politicomx
¬∑
7 jun.
#PMX2024 I El l√≠der de los senadores morenistas, 
@RicardoMonrealA
 dijo que el anuncio de 
@m_ebrard
 para renunciar a su cargo a la Canciller√≠a es parte de una estrategia pol√≠tica, y afirm√≥ que el canciller rompi√≥ un acuerdo entre las cuatro 'corcholatas'.
politico.mx
Monreal revela que Ebrard rompi√≥ acuerdo para dejar cargos despu√©s del Consejo Nacional de Morena
En la cena con AMLO se habr√≠a puesto sobre la mesa la fecha para dejar los cargos y buscar la candidatura de Morena.   
8
4
1.562"
['uniradionoticia'],"UniradioNoticias
@uniradionoticia
¬∑
9 jun.
AMLO calla sobre acuerdo de ""corcholatas"" para elegir el candidato de Morena
uniradioinforma.com
AMLO calla sobre acuerdo de ""corcholatas"" para elegir el candidato de Morena - Uniradio Informa
En su gira de trabajo por San Luis Potos√≠, el presidente evit√≥ hablar del m√©todo de elecci√≥n, anunciado por Claudia Sheinbaum
154"
['politicusmx'],"Politicus.mx
@politicusmx
¬∑
9 jun.
As√≠ est√° la fuerza de las ""#corcholatas"" en el Consejo Nacional de #Morena .-
http://politicus.mx/vernoticia.php?n=6785‚Ä¶
1
32"
"['Riodoce_mx', 'RicardoMonrealA']","R√≠odoce
@Riodoce_mx
¬∑
15h
#RicardoMonreal | El senador 
@RicardoMonrealA
 , una de las #corcholatas de #Morena, afirm√≥ que el favoritismo hacia externos y la segregaci√≥n a la militancia a cargos p√∫blicos se va a acabar.
riodoce.mx
'El favoritismo se va acabar': Monreal - R√≠odoce
Ricardo Monreal, una de las ‚Äúcorcholatas‚Äù de Morena, afirm√≥ que el favoritismo hacia externos y la segregaci√≥n a la militancia a cargos p√∫blicos se va a
1
1
447"
['heraldomx_ags'],"El Heraldo de M√©xico Ags
@heraldomx_ags
¬∑
1h
#Nacional I Corcholatas de Morena llegan en unidad para definir reglas y m√©todo para elegir candidato

#HeraldoMxAGS
heraldodemexico.com.mx
Morena pone pasarela decisiva a las corcholatas de AMLO
Corcholatas de Morena llegan en unidad para definir reglas y m√©todo para elegir candidato
3"
['DiarioImagen'],"Diario Imagen
@DiarioImagen
¬∑
9 jun.
https://ow.ly/Oeov50OJOgT

Carrera de ‚Äúcorcholatas‚Äù de Morena, se volvi√≥ parejera | .::Diario Imagen On Line::.
2"
"['ElSoldeSinaloa_', 'rochamoya_']","El Sol de Sinaloa
@ElSoldeSinaloa_
¬∑
22h
El senador acudi√≥ a un evento acompa√±ado del gobernador 
@rochamoya_
 elsoldesinaloa.com.mx
Ricardo Monreal afirma no estar en desventaja contra las otras corcholatas de Morena
El pol√≠tico pidi√≥ licencia en el Senado para competir en las encuestas internas de Morena
30"
['880noticias'],"Ocho Ochenta Noticias
@880noticias
¬∑
22h
CDMX. - La jefa de Gobierno de Ciudad de M√©xico, Claudia Sheinbaum, revel√≥ que ya hay acuerdo entre las corcholatas de cara a la sesi√≥n del Consejo Pol√≠tico Nacional de Morena de este domingo.

La mandataria tambi√©n dio a conocer que la dirigencia del

https://880noticias.info/uncategorized/revela-sheinbaum-acuerdo-con-corcholatas/‚Ä¶
20"
['eleconomista'],"El Economista
@eleconomista
¬∑
8 jun.
El proselitismo adelantado de Morena a la Presidencia de #M√©xico atenta contra las reglas electorales y distorsiona la equidad en la contienda de 2024. 
eleconomista.com.mx
Polit√≥logos ven que proselitismo de corcholatas afecta equidad hacia 2024
Polit√≥logos advierten que la promoci√≥n temprana de aspirantes de Morena a la Presidencia de M√©xico atenta contra las reglas electorales y distorsiona la equidad en la contienda de 2024.
1
4
6
3.069"
"['Marurojasreport', 'LaTequilerashow', 'Marurojasreport', 'LaTequilerashow']","Marurojasreportera
@Marurojasreport
¬∑
8 jun.
LA RETAGUARDIA / CARRERA DE ‚ÄúCORCHOLATAS‚Äù DE MORENA, SE VOLVI√ì PAREJERA 
@LaTequilerashow
 #Juev‚Ä¶ https://marurojasreportera.com/la-retaguardia-carrera-de-corcholatas-de-morena-se-volvio-parejera-latequilerashow-juevesdemascolumnas/‚Ä¶ a trav√©s de 
@Marurojasreport
marurojasreportera.com
LA RETAGUARDIA / CARRERA DE ‚ÄúCORCHOLATAS‚Äù DE MORENA, SE VOLVI√ì PAREJERA @LaTequilerashow #JuevesD...
ADRIANA MORENO CORDERO ¬∑ Carrera de ‚Äúcorcholatas‚Äù de More
1
2
2
72"
['Enrique32057005'],"Enrique Estrada
@Enrique32057005
¬∑
9 jun.
Morena le pide a sus corcholatas en Veracruz ""calma"" y ""esperar los tiempos‚Äù: Ram√≠rez Zepeta
https://tribunalibrenoticias.com/2023/06/morena-le-pide-sus-corcholatas-en.html‚Ä¶
12"
"['RafagaChihuahua', 'RafagaChihuahua']","Rafaga Chihuahua
@RafagaChihuahua
¬∑
8 jun.
Ya es oficial: Manuel Velasco se une a las ‚Äúcorcholatas‚Äù de Morena https://rafagachihuahua.com/2023/06/08/ya-es-oficial-manuel-velasco-se-une-a-las-corcholatas-de-morena/‚Ä¶ 
via 
@RafagaChihuahua
 #Politica #Nacionales
15"
['Inteli_Mas'],"InteligenciaM√°s
@Inteli_Mas
¬∑
9 jun.
Listo nuestro #reporte #semanal 

#Elecciones estatales 2023, #eliminaci√≥n de NOMs en materia de salud, #sucesi√≥n presidencial, reuni√≥n con corcholatas y gobernadores de MORENA,  #reforma al Poder Judicial, Ley del Mercado de Valores. 

!Cons√∫ltalo!

https://linkedin.com/posts/inteligenciamas_intmas-sucesos-relevantes-mexico-5-9-de-activity-7073088768303394816-vlVO?utm_source=share&utm_medium=member_ios‚Ä¶
2
1
60"
['PolitikaMex'],"Politicaonline
@PolitikaMex
¬∑
8 jun.
 Presidente del Consejo Nacional de Morena, pedir√° que las corcholatas renuncien a sus cargos
informe24.mx
Presidente del Consejo Nacional de Morena, pedir√° que las corcholatas renuncien a sus cargos -...
El presidente del Consejo Nacional de Morena, Alfonso Durazo, adelant√≥ que la sesi√≥n extraordinaria del pr√≥ximo domingo 11 de junio propondr√° que las ‚Äúcorcholatas‚Äù, como se denomina a los aspirantes...
5
2
29"
"['Fausto_Marq_', 'LucyMezaGzm', 'guillermocinta']","Fausto Marquez
@Fausto_Marq_
¬∑
11h
.
@LucyMezaGzm
 propone a la dirigencia nacional de #morena la firma de un pacto de unidad entre los aspirantes que se inscriban para competir por la candidatura presidencial.
#LucyMeza #LucyVa #Morelos V√≠a: 
@guillermocinta
guillermocinta.com
""Corcholatas"" deber√°n comprometerse a evitar rupturas en Morena; Lucy Meza Guzm√°n - La Cr√≥nica de...
Al proponerle a la dirigencia nacional de Morena la firma de un pacto de unidad entre los aspirantes que se inscriban para competir por la candidatura presidencial, la Senadora Lucy Meza, asegur√≥ que...
17"
"['24HorasChiapas', 'Claudiashein', 'm_ebrard', 'adan_augusto', 'RicardoMonrealA', 'fernandeznorona']","24 Horas Chiapas
@24HorasChiapas
¬∑
9 jun.
#Pol√≠tica | El domingo arrancar√° la sucesi√≥n presidencial en Morena; en la reuni√≥n estar√°n sus principales figuras, incluyendo corcholatas, gobernadores y senadores.
@Claudiashein
 
@m_ebrard
 
@adan_augusto
 
@RicardoMonrealA
 
@fernandeznorona
24horaschiapas.mx
Pule la 4T su plan rumbo al 2024 - 24 Horas Chiapas
Este domingo arrancar√° la sucesi√≥n presidencial en Morena, con un c√≥nclave en el que estar√°n sus principales figuras, incluyendo corcholatas, gobernadores y senadores, con el objetivo de definir el...
25"
"['El_Universal_Mx', 'MarioMal']","El Universal
@El_Universal_Mx
¬∑
7 jun.
El canciller es un animal pol√≠tico y sab√≠a que su renuncia pondr√≠a a la dirigencia de Morena con la presi√≥n a tope para pedir a las otras ‚Äúcorcholatas‚Äù (...) que renuncien a sus cargos para que efectivamente haya un piso parejo. #Opini√≥n de 
@MarioMal
 eluniversal.com.mx
Ebrard alborota la sucesi√≥n y su relevo
El canciller sab√≠a que su renuncia pondr√≠a a la dirigencia de Morena con la presi√≥n a tope
5
15
30
9.556"
"['CentralEq', 'Spreaker']","Central Equilibrio
@CentralEq
¬∑
8 jun.
 New Podcast! ""Primera emisi√≥n | 08 Junio 2023"" on 
@Spreaker
 #4t #adrianabraniff #aliados #centralfm #centrallive #colmex #corcholatas #diputados #elecciones #guadalupeacosta #morena #oposicion #pedroferriz #presidencia #primarias #reynaldoortega
spreaker.com
Primera emisi√≥n | 08 Junio 2023
X√≥chitl G√°lvez Senadora del PAN comenta sobre la resoluci√≥n en la que un juez le otorga el derecho de r√©plica en la ma√±anera, Guadalupe Acosta Naranjo nos habla de las pautas a seguir por la sociedad
2
2
252"
['Afuegolentonews'],"A Fuego Lento Noticias
@Afuegolentonews
¬∑
9 jun.
#Opini√≥n| Ruta 2024: #Ebrard fractura a #Morena

El anuncio anticipado de su salida de la SRE movi√≥ la agenda de Morena, la de su dirigencia nacional y las otras corcholatas, provocando enojos y reclamos

Para m√°s informaci√≥n:
afuegolentonoticias.com
Ruta 2024: Ebrad fractura a Morena
El anuncio anticipado de su salida de la SRE movi√≥ la agenda de Morena, la de su dirigencia nacional y las otras corcholatas, provocando enojos y reclamos
1
2
37"
"['Jjlopez_almejo', 'lopezobrador_', 'Polemista4T']","Jes√∫s L√≥pez Almejo
@Jjlopez_almejo
¬∑
5 jun.
Qu√© verg√ºenza de candidato. En #Coahuila se pint√≥ el escenario que le puede suceder a #Morena en M√©xico cuando termine el efecto 
@lopezobrador_
 
Este tipo de candidatos, al que ni las corcholatas pudieron hacer que compitiera decentemente, deben evitarse en adelante. Aviso
Polemista 4T
@Polemista4T
¬∑
4 jun.
#LAMENTABLE
 Armando Guadiana reconoce que no denunci√≥ en su campa√±a la corrupci√≥n de Manolo Jim√©nez del PRI porque es amigo de √©l y de su familia

 Adem√°s dice que no volver√° pronto al Senado porque se va de vacaciones a Espa√±a para ver corridas de toros

#Coahuila
37
159
374
13 mil"
['VivoNoticiasMX'],"Vivo Noticias
@VivoNoticiasMX
¬∑
23h
Hay acuerdo entre 'corcholatas', adelanta Sheinbaum

Este domingo, se realizar√° el Consejo Pol√≠tico Nacional de Morena. Estar√°n presentes sus aspirantes a la presidencia de M√©xico

https://vivonoticias.mx/notas/nota.php?id_n=89392‚Ä¶
48"
['ObservadorTij'],"ElObservadorDiario
@ObservadorTij
¬∑
11h
Califica #Ebrard actitud de gobernadoras y gobernadores como producto de una #malaherencia del #PRI
M√°s informaci√≥n: https://observadordiario.com/6TGo
#Corcholatas,#MORENA,#CargadaOficial,
#ConsejoNacional,#LopezObrador
observadordiario.com
Marcelo Ebrard lament√≥ cargada oficial a favor Sheinbaum ¬ª El Observador Diario de Tijuana
Marcelo Ebrard lament√≥ lo que calific√≥ de ""cargada oficial"" de gobernadores a favor de otras corcholatas presidenciales como Claudia Sheinbaum.
24"
